import_batch,source_row,group_name,admission_year,current_semester_number,curriculum_year,academic_year,course,semester_number,semester_calendar_year,term_name,academic_term_code,subject_index,raw_subject_name,display_name,block_name,control_form,credits_total,hours_total,subject_type,subject_kind,department,is_elective,elective_module_code,is_elective_module_header,is_elective_option,include_in_subject_catalog,include_in_group_offerings_default,import_order,dedupe_key,import_note
vv_2024_sem4,2,1-См(ВВ)-2,2024,4,2024,2024/2025,1,1,2024,осень 2024,2024_fall,Б1.О.01,Основы системного анализа и теории принятия решений,Основы системного анализа и теории принятия решений,Блок 1. Дисциплины (обязательная часть),зачет,3,108,Обязательная дисциплина,discipline,Информатики,false,,false,false,true,true,1,2024|1-См(ВВ)-2|1|Б1.О.01|Основы системного анализа и теории принятия решений,
vv_2024_sem4,2,2-См(ВВ)-2,2024,4,2024,2024/2025,1,1,2024,осень 2024,2024_fall,Б1.О.01,Основы системного анализа и теории принятия решений,Основы системного анализа и теории принятия решений,Блок 1. Дисциплины (обязательная часть),зачет,3,108,Обязательная дисциплина,discipline,Информатики,false,,false,false,true,true,2,2024|2-См(ВВ)-2|1|Б1.О.01|Основы системного анализа и теории принятия решений,
vv_2024_sem4,3,1-См(ВВ)-2,2024,4,2024,2024/2025,1,1,2024,осень 2024,2024_fall,Б1.О.02,Социальные коммуникации. Психология,Социальные коммуникации. Психология,Блок 1. Дисциплины (обязательная часть),зачет,3,108,Обязательная дисциплина,discipline,Истории и философии,false,,false,false,true,true,3,2024|1-См(ВВ)-2|1|Б1.О.02|Социальные коммуникации. Психология,
vv_2024_sem4,3,2-См(ВВ)-2,2024,4,2024,2024/2025,1,1,2024,осень 2024,2024_fall,Б1.О.02,Социальные коммуникации. Психология,Социальные коммуникации. Психология,Блок 1. Дисциплины (обязательная часть),зачет,3,108,Обязательная дисциплина,discipline,Истории и философии,false,,false,false,true,true,4,2024|2-См(ВВ)-2|1|Б1.О.02|Социальные коммуникации. Психология,
vv_2024_sem4,4,1-См(ВВ)-2,2024,4,2024,2024/2025,1,2,2025,весна 2025,2025_spring,Б1.О.03,Деловой иностранный язык,Деловой иностранный язык,Блок 1. Дисциплины (обязательная часть),зачет,3,108,Обязательная дисциплина,discipline,Межкультурной коммуникации,false,,false,false,true,true,5,2024|1-См(ВВ)-2|2|Б1.О.03|Деловой иностранный язык,
vv_2024_sem4,4,2-См(ВВ)-2,2024,4,2024,2024/2025,1,2,2025,весна 2025,2025_spring,Б1.О.03,Деловой иностранный язык,Деловой иностранный язык,Блок 1. Дисциплины (обязательная часть),зачет,3,108,Обязательная дисциплина,discipline,Межкультурной коммуникации,false,,false,false,true,true,6,2024|2-См(ВВ)-2|2|Б1.О.03|Деловой иностранный язык,
vv_2024_sem4,5,1-См(ВВ)-2,2024,4,2024,2024/2025,1,2,2025,весна 2025,2025_spring,Б1.О.04,Проектный менеджмент,Проектный менеджмент,Блок 1. Дисциплины (обязательная часть),"зачет, контр.",3,108,Обязательная дисциплина,discipline,Менеджмента в строительстве,false,,false,false,true,true,7,2024|1-См(ВВ)-2|2|Б1.О.04|Проектный менеджмент,
vv_2024_sem4,5,2-См(ВВ)-2,2024,4,2024,2024/2025,1,2,2025,весна 2025,2025_spring,Б1.О.04,Проектный менеджмент,Проектный менеджмент,Блок 1. Дисциплины (обязательная часть),"зачет, контр.",3,108,Обязательная дисциплина,discipline,Менеджмента в строительстве,false,,false,false,true,true,8,2024|2-См(ВВ)-2|2|Б1.О.04|Проектный менеджмент,
vv_2024_sem4,6,1-См(ВВ)-2,2024,4,2024,2024/2025,1,2,2025,весна 2025,2025_spring,Б1.О.05,"Командообразование, самоуправление и социальная адаптация в профессиональной деятельности","Командообразование, самоуправление и социальная адаптация в профессиональной деятельности",Блок 1. Дисциплины (обязательная часть),зачет,2,72,Обязательная дисциплина,discipline,Менеджмента в строительстве,false,,false,false,true,true,9,"2024|1-См(ВВ)-2|2|Б1.О.05|Командообразование, самоуправление и социальная адаптация в профессиональной деятельности",
vv_2024_sem4,6,2-См(ВВ)-2,2024,4,2024,2024/2025,1,2,2025,весна 2025,2025_spring,Б1.О.05,"Командообразование, самоуправление и социальная адаптация в профессиональной деятельности","Командообразование, самоуправление и социальная адаптация в профессиональной деятельности",Блок 1. Дисциплины (обязательная часть),зачет,2,72,Обязательная дисциплина,discipline,Менеджмента в строительстве,false,,false,false,true,true,10,"2024|2-См(ВВ)-2|2|Б1.О.05|Командообразование, самоуправление и социальная адаптация в профессиональной деятельности",
vv_2024_sem4,7,1-См(ВВ)-2,2024,4,2024,2024/2025,1,2,2025,весна 2025,2025_spring,Б1.О.06,Прикладная математика,Прикладная математика,Блок 1. Дисциплины (обязательная часть),"зачет, контр.",3,108,Обязательная дисциплина,discipline,Информатики,false,,false,false,true,true,11,2024|1-См(ВВ)-2|2|Б1.О.06|Прикладная математика,
vv_2024_sem4,7,2-См(ВВ)-2,2024,4,2024,2024/2025,1,2,2025,весна 2025,2025_spring,Б1.О.06,Прикладная математика,Прикладная математика,Блок 1. Дисциплины (обязательная часть),"зачет, контр.",3,108,Обязательная дисциплина,discipline,Информатики,false,,false,false,true,true,12,2024|2-См(ВВ)-2|2|Б1.О.06|Прикладная математика,
vv_2024_sem4,8,1-См(ВВ)-2,2024,4,2024,2024/2025,1,1,2024,осень 2024,2024_fall,Б1.О.07,Основы научных исследований,Основы научных исследований,Блок 1. Дисциплины (обязательная часть),"зачет, контр.",3,108,Обязательная дисциплина,discipline,Водопользования и экологии,false,,false,false,true,true,13,2024|1-См(ВВ)-2|1|Б1.О.07|Основы научных исследований,
vv_2024_sem4,8,2-См(ВВ)-2,2024,4,2024,2024/2025,1,1,2024,осень 2024,2024_fall,Б1.О.07,Основы научных исследований,Основы научных исследований,Блок 1. Дисциплины (обязательная часть),"зачет, контр.",3,108,Обязательная дисциплина,discipline,Водопользования и экологии,false,,false,false,true,true,14,2024|2-См(ВВ)-2|1|Б1.О.07|Основы научных исследований,
vv_2024_sem4,9,1-См(ВВ)-2,2024,4,2024,2024/2025,1,1,2024,осень 2024,2024_fall,Б1.О.08,Управление строительной организацией,Управление строительной организацией,Блок 1. Дисциплины (обязательная часть),зачет,2,72,Обязательная дисциплина,discipline,Менеджмента в строительстве,false,,false,false,true,true,15,2024|1-См(ВВ)-2|1|Б1.О.08|Управление строительной организацией,
vv_2024_sem4,9,2-См(ВВ)-2,2024,4,2024,2024/2025,1,1,2024,осень 2024,2024_fall,Б1.О.08,Управление строительной организацией,Управление строительной организацией,Блок 1. Дисциплины (обязательная часть),зачет,2,72,Обязательная дисциплина,discipline,Менеджмента в строительстве,false,,false,false,true,true,16,2024|2-См(ВВ)-2|1|Б1.О.08|Управление строительной организацией,
vv_2024_sem4,10,1-См(ВВ)-2,2024,4,2024,2024/2025,1,2,2025,весна 2025,2025_spring,Б1.О.09,Организация проектно-изыскательской деятельности,Организация проектно-изыскательской деятельности,Блок 1. Дисциплины (обязательная часть),"зачет, контр.",3,108,Обязательная дисциплина,discipline,Водопользования и экологии,false,,false,false,true,true,17,2024|1-См(ВВ)-2|2|Б1.О.09|Организация проектно-изыскательской деятельности,
vv_2024_sem4,10,2-См(ВВ)-2,2024,4,2024,2024/2025,1,2,2025,весна 2025,2025_spring,Б1.О.09,Организация проектно-изыскательской деятельности,Организация проектно-изыскательской деятельности,Блок 1. Дисциплины (обязательная часть),"зачет, контр.",3,108,Обязательная дисциплина,discipline,Водопользования и экологии,false,,false,false,true,true,18,2024|2-См(ВВ)-2|2|Б1.О.09|Организация проектно-изыскательской деятельности,
vv_2024_sem4,11,1-См(ВВ)-2,2024,4,2024,2024/2025,1,1,2024,осень 2024,2024_fall,Б1.О.10,Организация производственной деятельности,Организация производственной деятельности,Блок 1. Дисциплины (обязательная часть),"зачет, контр.",3,108,Обязательная дисциплина,discipline,Организации строительства,false,,false,false,true,true,19,2024|1-См(ВВ)-2|1|Б1.О.10|Организация производственной деятельности,
vv_2024_sem4,11,2-См(ВВ)-2,2024,4,2024,2024/2025,1,1,2024,осень 2024,2024_fall,Б1.О.10,Организация производственной деятельности,Организация производственной деятельности,Блок 1. Дисциплины (обязательная часть),"зачет, контр.",3,108,Обязательная дисциплина,discipline,Организации строительства,false,,false,false,true,true,20,2024|2-См(ВВ)-2|1|Б1.О.10|Организация производственной деятельности,
vv_2024_sem4,12,1-См(ВВ)-2,2024,4,2024,2024/2025,1,1,2024,осень 2024,2024_fall,Б1.В.01,Системы и сооружения водоотведения,Системы и сооружения водоотведения,"Блок 1. Дисциплины (часть, формируемая участниками образовательных отношений)","экзамен, КР",8,288,Профильная дисциплина,discipline,Водопользования и экологии,false,,false,false,true,true,21,2024|1-См(ВВ)-2|1|Б1.В.01|Системы и сооружения водоотведения,Дисциплина идет в 1–2 семестрах; з.е./часы указаны по дисциплине в целом.
vv_2024_sem4,12,2-См(ВВ)-2,2024,4,2024,2024/2025,1,1,2024,осень 2024,2024_fall,Б1.В.01,Системы и сооружения водоотведения,Системы и сооружения водоотведения,"Блок 1. Дисциплины (часть, формируемая участниками образовательных отношений)","экзамен, КР",8,288,Профильная дисциплина,discipline,Водопользования и экологии,false,,false,false,true,true,22,2024|2-См(ВВ)-2|1|Б1.В.01|Системы и сооружения водоотведения,Дисциплина идет в 1–2 семестрах; з.е./часы указаны по дисциплине в целом.
vv_2024_sem4,13,1-См(ВВ)-2,2024,4,2024,2024/2025,1,2,2025,весна 2025,2025_spring,Б1.В.01,Системы и сооружения водоотведения,Системы и сооружения водоотведения,"Блок 1. Дисциплины (часть, формируемая участниками образовательных отношений)","зачет с оц., КП",8,288,Профильная дисциплина,discipline,Водопользования и экологии,false,,false,false,true,true,23,2024|1-См(ВВ)-2|2|Б1.В.01|Системы и сооружения водоотведения,Дисциплина идет в 1–2 семестрах; з.е./часы указаны по дисциплине в целом.
vv_2024_sem4,13,2-См(ВВ)-2,2024,4,2024,2024/2025,1,2,2025,весна 2025,2025_spring,Б1.В.01,Системы и сооружения водоотведения,Системы и сооружения водоотведения,"Блок 1. Дисциплины (часть, формируемая участниками образовательных отношений)","зачет с оц., КП",8,288,Профильная дисциплина,discipline,Водопользования и экологии,false,,false,false,true,true,24,2024|2-См(ВВ)-2|2|Б1.В.01|Системы и сооружения водоотведения,Дисциплина идет в 1–2 семестрах; з.е./часы указаны по дисциплине в целом.
vv_2024_sem4,14,1-См(ВВ)-2,2024,4,2024,2024/2025,1,1,2024,осень 2024,2024_fall,Б1.В.02,Системы и сооружения водоснабжения,Системы и сооружения водоснабжения,"Блок 1. Дисциплины (часть, формируемая участниками образовательных отношений)","экзамен, КР",8,288,Профильная дисциплина,discipline,Водопользования и экологии,false,,false,false,true,true,25,2024|1-См(ВВ)-2|1|Б1.В.02|Системы и сооружения водоснабжения,Дисциплина идет в 1–2 семестрах; з.е./часы указаны по дисциплине в целом.
vv_2024_sem4,14,2-См(ВВ)-2,2024,4,2024,2024/2025,1,1,2024,осень 2024,2024_fall,Б1.В.02,Системы и сооружения водоснабжения,Системы и сооружения водоснабжения,"Блок 1. Дисциплины (часть, формируемая участниками образовательных отношений)","экзамен, КР",8,288,Профильная дисциплина,discipline,Водопользования и экологии,false,,false,false,true,true,26,2024|2-См(ВВ)-2|1|Б1.В.02|Системы и сооружения водоснабжения,Дисциплина идет в 1–2 семестрах; з.е./часы указаны по дисциплине в целом.
vv_2024_sem4,15,1-См(ВВ)-2,2024,4,2024,2024/2025,1,2,2025,весна 2025,2025_spring,Б1.В.02,Системы и сооружения водоснабжения,Системы и сооружения водоснабжения,"Блок 1. Дисциплины (часть, формируемая участниками образовательных отношений)","экзамен, КП",8,288,Профильная дисциплина,discipline,Водопользования и экологии,false,,false,false,true,true,27,2024|1-См(ВВ)-2|2|Б1.В.02|Системы и сооружения водоснабжения,Дисциплина идет в 1–2 семестрах; з.е./часы указаны по дисциплине в целом.
vv_2024_sem4,15,2-См(ВВ)-2,2024,4,2024,2024/2025,1,2,2025,весна 2025,2025_spring,Б1.В.02,Системы и сооружения водоснабжения,Системы и сооружения водоснабжения,"Блок 1. Дисциплины (часть, формируемая участниками образовательных отношений)","экзамен, КП",8,288,Профильная дисциплина,discipline,Водопользования и экологии,false,,false,false,true,true,28,2024|2-См(ВВ)-2|2|Б1.В.02|Системы и сооружения водоснабжения,Дисциплина идет в 1–2 семестрах; з.е./часы указаны по дисциплине в целом.
vv_2024_sem4,16,1-См(ВВ)-2,2024,4,2024,2024/2025,1,2,2025,весна 2025,2025_spring,Б1.В.03,Инженерно-технологическая реконструкция систем водоснабжения,Инженерно-технологическая реконструкция систем водоснабжения,"Блок 1. Дисциплины (часть, формируемая участниками образовательных отношений)","экзамен, контр.",4,144,Профильная дисциплина,discipline,Водопользования и экологии,false,,false,false,true,true,29,2024|1-См(ВВ)-2|2|Б1.В.03|Инженерно-технологическая реконструкция систем водоснабжения,
vv_2024_sem4,16,2-См(ВВ)-2,2024,4,2024,2024/2025,1,2,2025,весна 2025,2025_spring,Б1.В.03,Инженерно-технологическая реконструкция систем водоснабжения,Инженерно-технологическая реконструкция систем водоснабжения,"Блок 1. Дисциплины (часть, формируемая участниками образовательных отношений)","экзамен, контр.",4,144,Профильная дисциплина,discipline,Водопользования и экологии,false,,false,false,true,true,30,2024|2-См(ВВ)-2|2|Б1.В.03|Инженерно-технологическая реконструкция систем водоснабжения,
vv_2024_sem4,17,1-См(ВВ)-2,2024,4,2024,2025/2026,2,3,2025,осень 2025,2025_fall,Б1.В.04,Надежность систем водоснабжения и водоотведения,Надежность систем водоснабжения и водоотведения,"Блок 1. Дисциплины (часть, формируемая участниками образовательных отношений)","экзамен, КР",5,180,Профильная дисциплина,discipline,Водопользования и экологии,false,,false,false,true,true,31,2024|1-См(ВВ)-2|3|Б1.В.04|Надежность систем водоснабжения и водоотведения,
vv_2024_sem4,17,2-См(ВВ)-2,2024,4,2024,2025/2026,2,3,2025,осень 2025,2025_fall,Б1.В.04,Надежность систем водоснабжения и водоотведения,Надежность систем водоснабжения и водоотведения,"Блок 1. Дисциплины (часть, формируемая участниками образовательных отношений)","экзамен, КР",5,180,Профильная дисциплина,discipline,Водопользования и экологии,false,,false,false,true,true,32,2024|2-См(ВВ)-2|3|Б1.В.04|Надежность систем водоснабжения и водоотведения,
vv_2024_sem4,18,1-См(ВВ)-2,2024,4,2024,2025/2026,2,3,2025,осень 2025,2025_fall,Б1.В.05,Организация эксплуатации систем и сооружений водоснабжения и водоотведения,Организация эксплуатации систем и сооружений водоснабжения и водоотведения,"Блок 1. Дисциплины (часть, формируемая участниками образовательных отношений)","экзамен, контр.",5,180,Профильная дисциплина,discipline,Водопользования и экологии,false,,false,false,true,true,33,2024|1-См(ВВ)-2|3|Б1.В.05|Организация эксплуатации систем и сооружений водоснабжения и водоотведения,
vv_2024_sem4,18,2-См(ВВ)-2,2024,4,2024,2025/2026,2,3,2025,осень 2025,2025_fall,Б1.В.05,Организация эксплуатации систем и сооружений водоснабжения и водоотведения,Организация эксплуатации систем и сооружений водоснабжения и водоотведения,"Блок 1. Дисциплины (часть, формируемая участниками образовательных отношений)","экзамен, контр.",5,180,Профильная дисциплина,discipline,Водопользования и экологии,false,,false,false,true,true,34,2024|2-См(ВВ)-2|3|Б1.В.05|Организация эксплуатации систем и сооружений водоснабжения и водоотведения,
vv_2024_sem4,19,1-См(ВВ)-2,2024,4,2024,2025/2026,2,3,2025,осень 2025,2025_fall,Б1.В.ДВ.01,Элективная дисциплина Б1.В.ДВ.01,Элективная дисциплина Б1.В.ДВ.01,Блок 1. Элективные дисциплины,"экзамен, КП",5,180,Элективный модуль,elective_module,Водопользования и экологии,true,Б1.В.ДВ.01,true,false,false,false,35,2024|1-См(ВВ)-2|3|Б1.В.ДВ.01|Элективная дисциплина Б1.В.ДВ.01,Выбрать 1 дисциплину из вариантов: Б1.В.ДВ.01.01 / Б1.В.ДВ.01.02.
vv_2024_sem4,19,2-См(ВВ)-2,2024,4,2024,2025/2026,2,3,2025,осень 2025,2025_fall,Б1.В.ДВ.01,Элективная дисциплина Б1.В.ДВ.01,Элективная дисциплина Б1.В.ДВ.01,Блок 1. Элективные дисциплины,"экзамен, КП",5,180,Элективный модуль,elective_module,Водопользования и экологии,true,Б1.В.ДВ.01,true,false,false,false,36,2024|2-См(ВВ)-2|3|Б1.В.ДВ.01|Элективная дисциплина Б1.В.ДВ.01,Выбрать 1 дисциплину из вариантов: Б1.В.ДВ.01.01 / Б1.В.ДВ.01.02.
vv_2024_sem4,20,1-См(ВВ)-2,2024,4,2024,2025/2026,2,3,2025,осень 2025,2025_fall,Б1.В.ДВ.01.01,Моделирование систем водоснабжения и водоотведения,Моделирование систем водоснабжения и водоотведения,Блок 1. Элективные дисциплины,"экзамен, КП",5,180,Элективная дисциплина,elective_option,Водопользования и экологии,true,Б1.В.ДВ.01,false,true,true,false,37,2024|1-См(ВВ)-2|3|Б1.В.ДВ.01.01|Моделирование систем водоснабжения и водоотведения,Вариант выбора по модулю Б1.В.ДВ.01.
vv_2024_sem4,20,2-См(ВВ)-2,2024,4,2024,2025/2026,2,3,2025,осень 2025,2025_fall,Б1.В.ДВ.01.01,Моделирование систем водоснабжения и водоотведения,Моделирование систем водоснабжения и водоотведения,Блок 1. Элективные дисциплины,"экзамен, КП",5,180,Элективная дисциплина,elective_option,Водопользования и экологии,true,Б1.В.ДВ.01,false,true,true,false,38,2024|2-См(ВВ)-2|3|Б1.В.ДВ.01.01|Моделирование систем водоснабжения и водоотведения,Вариант выбора по модулю Б1.В.ДВ.01.
vv_2024_sem4,21,1-См(ВВ)-2,2024,4,2024,2025/2026,2,3,2025,осень 2025,2025_fall,Б1.В.ДВ.01.02,Охрана водных ресурсов,Охрана водных ресурсов,Блок 1. Элективные дисциплины,"экзамен, КП",5,180,Элективная дисциплина,elective_option,Водопользования и экологии,true,Б1.В.ДВ.01,false,true,true,false,39,2024|1-См(ВВ)-2|3|Б1.В.ДВ.01.02|Охрана водных ресурсов,Вариант выбора по модулю Б1.В.ДВ.01.
vv_2024_sem4,21,2-См(ВВ)-2,2024,4,2024,2025/2026,2,3,2025,осень 2025,2025_fall,Б1.В.ДВ.01.02,Охрана водных ресурсов,Охрана водных ресурсов,Блок 1. Элективные дисциплины,"экзамен, КП",5,180,Элективная дисциплина,elective_option,Водопользования и экологии,true,Б1.В.ДВ.01,false,true,true,false,40,2024|2-См(ВВ)-2|3|Б1.В.ДВ.01.02|Охрана водных ресурсов,Вариант выбора по модулю Б1.В.ДВ.01.
vv_2024_sem4,22,1-См(ВВ)-2,2024,4,2024,2025/2026,2,3,2025,осень 2025,2025_fall,Б1.В.ДВ.02,Элективная дисциплина Б1.В.ДВ.02,Элективная дисциплина Б1.В.ДВ.02,Блок 1. Элективные дисциплины,"зачет с оц., КП",5,180,Элективный модуль,elective_module,Водопользования и экологии,true,Б1.В.ДВ.02,true,false,false,false,41,2024|1-См(ВВ)-2|3|Б1.В.ДВ.02|Элективная дисциплина Б1.В.ДВ.02,Выбрать 1 дисциплину из вариантов: Б1.В.ДВ.02.01 / Б1.В.ДВ.02.02.
vv_2024_sem4,22,2-См(ВВ)-2,2024,4,2024,2025/2026,2,3,2025,осень 2025,2025_fall,Б1.В.ДВ.02,Элективная дисциплина Б1.В.ДВ.02,Элективная дисциплина Б1.В.ДВ.02,Блок 1. Элективные дисциплины,"зачет с оц., КП",5,180,Элективный модуль,elective_module,Водопользования и экологии,true,Б1.В.ДВ.02,true,false,false,false,42,2024|2-См(ВВ)-2|3|Б1.В.ДВ.02|Элективная дисциплина Б1.В.ДВ.02,Выбрать 1 дисциплину из вариантов: Б1.В.ДВ.02.01 / Б1.В.ДВ.02.02.
vv_2024_sem4,23,1-См(ВВ)-2,2024,4,2024,2025/2026,2,3,2025,осень 2025,2025_fall,Б1.В.ДВ.02.01,Инженерно-технологическая реконструкция систем водоотведения,Инженерно-технологическая реконструкция систем водоотведения,Блок 1. Элективные дисциплины,"зачет с оц., КП",5,180,Элективная дисциплина,elective_option,Водопользования и экологии,true,Б1.В.ДВ.02,false,true,true,false,43,2024|1-См(ВВ)-2|3|Б1.В.ДВ.02.01|Инженерно-технологическая реконструкция систем водоотведения,Вариант выбора по модулю Б1.В.ДВ.02.
vv_2024_sem4,23,2-См(ВВ)-2,2024,4,2024,2025/2026,2,3,2025,осень 2025,2025_fall,Б1.В.ДВ.02.01,Инженерно-технологическая реконструкция систем водоотведения,Инженерно-технологическая реконструкция систем водоотведения,Блок 1. Элективные дисциплины,"зачет с оц., КП",5,180,Элективная дисциплина,elective_option,Водопользования и экологии,true,Б1.В.ДВ.02,false,true,true,false,44,2024|2-См(ВВ)-2|3|Б1.В.ДВ.02.01|Инженерно-технологическая реконструкция систем водоотведения,Вариант выбора по модулю Б1.В.ДВ.02.
vv_2024_sem4,24,1-См(ВВ)-2,2024,4,2024,2025/2026,2,3,2025,осень 2025,2025_fall,Б1.В.ДВ.02.02,Технологии прокладки инженерных сетей,Технологии прокладки инженерных сетей,Блок 1. Элективные дисциплины,"зачет с оц., КП",5,180,Элективная дисциплина,elective_option,Водопользования и экологии,true,Б1.В.ДВ.02,false,true,true,false,45,2024|1-См(ВВ)-2|3|Б1.В.ДВ.02.02|Технологии прокладки инженерных сетей,Вариант выбора по модулю Б1.В.ДВ.02.
vv_2024_sem4,24,2-См(ВВ)-2,2024,4,2024,2025/2026,2,3,2025,осень 2025,2025_fall,Б1.В.ДВ.02.02,Технологии прокладки инженерных сетей,Технологии прокладки инженерных сетей,Блок 1. Элективные дисциплины,"зачет с оц., КП",5,180,Элективная дисциплина,elective_option,Водопользования и экологии,true,Б1.В.ДВ.02,false,true,true,false,46,2024|2-См(ВВ)-2|3|Б1.В.ДВ.02.02|Технологии прокладки инженерных сетей,Вариант выбора по модулю Б1.В.ДВ.02.
vv_2024_sem4,25,1-См(ВВ)-2,2024,4,2024,2024/2025,1,2,2025,весна 2025,2025_spring,Б2.О.01(У),Ознакомительная практика,Ознакомительная практика,Блок 2. Практика (обязательная часть),зачет с оц.,3,108,Практика,practice,Водопользования и экологии,false,,false,false,true,true,47,2024|1-См(ВВ)-2|2|Б2.О.01(У)|Ознакомительная практика,
vv_2024_sem4,25,2-См(ВВ)-2,2024,4,2024,2024/2025,1,2,2025,весна 2025,2025_spring,Б2.О.01(У),Ознакомительная практика,Ознакомительная практика,Блок 2. Практика (обязательная часть),зачет с оц.,3,108,Практика,practice,Водопользования и экологии,false,,false,false,true,true,48,2024|2-См(ВВ)-2|2|Б2.О.01(У)|Ознакомительная практика,
vv_2024_sem4,26,1-См(ВВ)-2,2024,4,2024,2024/2025,1,2,2025,весна 2025,2025_spring,Б2.О.02(П),Проектная практика. Часть 1,Проектная практика. Часть 1,Блок 2. Практика (обязательная часть),зачет с оц.,3,108,Практика,practice,Водопользования и экологии,false,,false,false,true,true,49,2024|1-См(ВВ)-2|2|Б2.О.02(П)|Проектная практика. Часть 1,
vv_2024_sem4,26,2-См(ВВ)-2,2024,4,2024,2024/2025,1,2,2025,весна 2025,2025_spring,Б2.О.02(П),Проектная практика. Часть 1,Проектная практика. Часть 1,Блок 2. Практика (обязательная часть),зачет с оц.,3,108,Практика,practice,Водопользования и экологии,false,,false,false,true,true,50,2024|2-См(ВВ)-2|2|Б2.О.02(П)|Проектная практика. Часть 1,
vv_2024_sem4,27,1-См(ВВ)-2,2024,4,2024,2024/2025,1,1,2024,осень 2024,2024_fall,Б2.В.01(П),Научно-исследовательская работа,Научно-исследовательская работа,"Блок 2. Практика (часть, формируемая участниками образовательных отношений)",зачет с оц.,17,612,НИР / практика,research_work,Водопользования и экологии,false,,false,false,true,true,51,2024|1-См(ВВ)-2|1|Б2.В.01(П)|Научно-исследовательская работа,НИР идет в 1–3 семестрах; з.е./часы указаны по НИР в целом.
vv_2024_sem4,27,2-См(ВВ)-2,2024,4,2024,2024/2025,1,1,2024,осень 2024,2024_fall,Б2.В.01(П),Научно-исследовательская работа,Научно-исследовательская работа,"Блок 2. Практика (часть, формируемая участниками образовательных отношений)",зачет с оц.,17,612,НИР / практика,research_work,Водопользования и экологии,false,,false,false,true,true,52,2024|2-См(ВВ)-2|1|Б2.В.01(П)|Научно-исследовательская работа,НИР идет в 1–3 семестрах; з.е./часы указаны по НИР в целом.
vv_2024_sem4,28,1-См(ВВ)-2,2024,4,2024,2024/2025,1,2,2025,весна 2025,2025_spring,Б2.В.01(П),Научно-исследовательская работа,Научно-исследовательская работа,"Блок 2. Практика (часть, формируемая участниками образовательных отношений)",зачет с оц.,17,612,НИР / практика,research_work,Водопользования и экологии,false,,false,false,true,true,53,2024|1-См(ВВ)-2|2|Б2.В.01(П)|Научно-исследовательская работа,НИР идет в 1–3 семестрах; з.е./часы указаны по НИР в целом.
vv_2024_sem4,28,2-См(ВВ)-2,2024,4,2024,2024/2025,1,2,2025,весна 2025,2025_spring,Б2.В.01(П),Научно-исследовательская работа,Научно-исследовательская работа,"Блок 2. Практика (часть, формируемая участниками образовательных отношений)",зачет с оц.,17,612,НИР / практика,research_work,Водопользования и экологии,false,,false,false,true,true,54,2024|2-См(ВВ)-2|2|Б2.В.01(П)|Научно-исследовательская работа,НИР идет в 1–3 семестрах; з.е./часы указаны по НИР в целом.
vv_2024_sem4,29,1-См(ВВ)-2,2024,4,2024,2025/2026,2,3,2025,осень 2025,2025_fall,Б2.В.01(П),Научно-исследовательская работа,Научно-исследовательская работа,"Блок 2. Практика (часть, формируемая участниками образовательных отношений)",зачет с оц.,17,612,НИР / практика,research_work,Водопользования и экологии,false,,false,false,true,true,55,2024|1-См(ВВ)-2|3|Б2.В.01(П)|Научно-исследовательская работа,НИР идет в 1–3 семестрах; з.е./часы указаны по НИР в целом.
vv_2024_sem4,29,2-См(ВВ)-2,2024,4,2024,2025/2026,2,3,2025,осень 2025,2025_fall,Б2.В.01(П),Научно-исследовательская работа,Научно-исследовательская работа,"Блок 2. Практика (часть, формируемая участниками образовательных отношений)",зачет с оц.,17,612,НИР / практика,research_work,Водопользования и экологии,false,,false,false,true,true,56,2024|2-См(ВВ)-2|3|Б2.В.01(П)|Научно-исследовательская работа,НИР идет в 1–3 семестрах; з.е./часы указаны по НИР в целом.
vv_2024_sem4,30,1-См(ВВ)-2,2024,4,2024,2025/2026,2,4,2026,весна 2026,2026_spring,Б2.В.02(П),Проектная практика. Часть 2,Проектная практика. Часть 2,"Блок 2. Практика (часть, формируемая участниками образовательных отношений)",зачет с оц.,20,720,Практика,practice,Водопользования и экологии,false,,false,false,true,true,57,2024|1-См(ВВ)-2|4|Б2.В.02(П)|Проектная практика. Часть 2,
vv_2024_sem4,30,2-См(ВВ)-2,2024,4,2024,2025/2026,2,4,2026,весна 2026,2026_spring,Б2.В.02(П),Проектная практика. Часть 2,Проектная практика. Часть 2,"Блок 2. Практика (часть, формируемая участниками образовательных отношений)",зачет с оц.,20,720,Практика,practice,Водопользования и экологии,false,,false,false,true,true,58,2024|2-См(ВВ)-2|4|Б2.В.02(П)|Проектная практика. Часть 2,
vv_2024_sem4,31,1-См(ВВ)-2,2024,4,2024,2025/2026,2,4,2026,весна 2026,2026_spring,Б3.01,Подготовка к процедуре защиты и защита выпускной квалификационной работы,Подготовка к процедуре защиты и защита выпускной квалификационной работы,Блок 3. Государственная итоговая аттестация,ГИА / защита ВКР,9,324,ГИА / ВКР,gia,Водопользования и экологии,false,,false,false,true,true,59,2024|1-См(ВВ)-2|4|Б3.01|Подготовка к процедуре защиты и защита выпускной квалификационной работы,
vv_2024_sem4,31,2-См(ВВ)-2,2024,4,2024,2025/2026,2,4,2026,весна 2026,2026_spring,Б3.01,Подготовка к процедуре защиты и защита выпускной квалификационной работы,Подготовка к процедуре защиты и защита выпускной квалификационной работы,Блок 3. Государственная итоговая аттестация,ГИА / защита ВКР,9,324,ГИА / ВКР,gia,Водопользования и экологии,false,,false,false,true,true,60,2024|2-См(ВВ)-2|4|Б3.01|Подготовка к процедуре защиты и защита выпускной квалификационной работы,
vv_2024_sem4,32,1-См(ВВ)-2,2024,4,2024,2024/2025,1,1,2024,осень 2024,2024_fall,ФТД.01,Основы научно-профессиональной коммуникации,Основы научно-профессиональной коммуникации,Факультативные дисциплины,зачет,2,72,Факультатив,facultative,Межкультурной коммуникации,false,,false,false,true,true,61,2024|1-См(ВВ)-2|1|ФТД.01|Основы научно-профессиональной коммуникации,
vv_2024_sem4,32,2-См(ВВ)-2,2024,4,2024,2024/2025,1,1,2024,осень 2024,2024_fall,ФТД.01,Основы научно-профессиональной коммуникации,Основы научно-профессиональной коммуникации,Факультативные дисциплины,зачет,2,72,Факультатив,facultative,Межкультурной коммуникации,false,,false,false,true,true,62,2024|2-См(ВВ)-2|1|ФТД.01|Основы научно-профессиональной коммуникации,
vv_2024_sem4,33,1-См(ВВ)-2,2024,4,2024,2024/2025,1,2,2025,весна 2025,2025_spring,ФТД.02,Информационное моделирование в профессиональной сфере (ТИМ),Информационное моделирование в профессиональной сфере (ТИМ),Факультативные дисциплины,зачет,2,72,Факультатив,facultative,Водопользования и экологии,false,,false,false,true,true,63,2024|1-См(ВВ)-2|2|ФТД.02|Информационное моделирование в профессиональной сфере (ТИМ),
vv_2024_sem4,33,2-См(ВВ)-2,2024,4,2024,2024/2025,1,2,2025,весна 2025,2025_spring,ФТД.02,Информационное моделирование в профессиональной сфере (ТИМ),Информационное моделирование в профессиональной сфере (ТИМ),Факультативные дисциплины,зачет,2,72,Факультатив,facultative,Водопользования и экологии,false,,false,false,true,true,64,2024|2-См(ВВ)-2|2|ФТД.02|Информационное моделирование в профессиональной сфере (ТИМ),
vv_2024_sem4,34,1-См(ВВ)-2,2024,4,2024,2025/2026,2,3,2025,осень 2025,2025_fall,ФТД.03,Практические основы анализа больших данных и визуализации результатов,Практические основы анализа больших данных и визуализации результатов,Факультативные дисциплины,зачет,2,72,Факультатив,facultative,Технологий информационного и математического моделирования,false,,false,false,true,true,65,2024|1-См(ВВ)-2|3|ФТД.03|Практические основы анализа больших данных и визуализации результатов,
vv_2024_sem4,34,2-См(ВВ)-2,2024,4,2024,2025/2026,2,3,2025,осень 2025,2025_fall,ФТД.03,Практические основы анализа больших данных и визуализации результатов,Практические основы анализа больших данных и визуализации результатов,Факультативные дисциплины,зачет,2,72,Факультатив,facultative,Технологий информационного и математического моделирования,false,,false,false,true,true,66,2024|2-См(ВВ)-2|3|ФТД.03|Практические основы анализа больших данных и визуализации результатов,
